{
  "hash": "ef0099a4",
  "configHash": "548fb74e",
  "lockfileHash": "e1ef5c94",
  "browserHash": "b88e8acd",
  "optimized": {
    "@angular/common": {
      "src": "../../../../../../node_modules/@angular/common/fesm2022/common.mjs",
      "file": "@angular_common.js",
      "fileHash": "e3a94e30",
      "needsInterop": false
    },
    "@angular/core": {
      "src": "../../../../../../node_modules/@angular/core/fesm2022/core.mjs",
      "file": "@angular_core.js",
      "fileHash": "ae391b60",
      "needsInterop": false
    },
    "@angular/platform-browser": {
      "src": "../../../../../../node_modules/@angular/platform-browser/fesm2022/platform-browser.mjs",
      "file": "@angular_platform-browser.js",
      "fileHash": "ab0c90fd",
      "needsInterop": false
    },
    "@angular/router": {
      "src": "../../../../../../node_modules/@angular/router/fesm2022/router.mjs",
      "file": "@angular_router.js",
      "fileHash": "9b5fa480",
      "needsInterop": false
    }
  },
  "chunks": {
    "chunk-TSPAT64E": {
      "file": "chunk-TSPAT64E.js"
    },
    "chunk-CXPCOQ3E": {
      "file": "chunk-CXPCOQ3E.js"
    },
    "chunk-NRIQAXQZ": {
      "file": "chunk-NRIQAXQZ.js"
    }
  }
}